<?xml version="1.0" encoding="UTF-8"?>
<project-private xmlns="http://www.netbeans.org/ns/project-private/1">
    <editor-bookmarks xmlns="http://www.netbeans.org/ns/editor-bookmarks/2" lastBookmarkId="0"/>
    <open-files xmlns="http://www.netbeans.org/ns/projectui-open-files/2">
        <group>
            <file>file:/C:/Users/Nuttyyari/Documents/NetBeansProjects/AvoidCatchingCoronavirus(COVID-19)/src/mydisplay_game/Game.java</file>
            <file>file:/C:/Users/Nuttyyari/Documents/NetBeansProjects/AvoidCatchingCoronavirus(COVID-19)/src/myEvent/Event.java</file>
            <file>file:/C:/Users/Nuttyyari/Documents/NetBeansProjects/AvoidCatchingCoronavirus(COVID-19)/src/myCharacters/Doctor.java</file>
            <file>file:/C:/Users/Nuttyyari/Documents/NetBeansProjects/AvoidCatchingCoronavirus(COVID-19)/src/myCharacters/Coronavirus.java</file>
            <file>file:/C:/Users/Nuttyyari/Documents/NetBeansProjects/AvoidCatchingCoronavirus(COVID-19)/src/mydisplay_game/Display.java</file>
        </group>
    </open-files>
</project-private>
